JUV ART & MUSIC BOOKS,Art and How it Works: An Introduction to Art for Children,DK,9781465468024,Hc,1,
JUV ART & MUSIC BOOKS,"Art Lab for Kids: Express Yourself!: 52 Creative Adventures to Find Your Voice Through Drawing, Painting, Mixed Media, and Sculpture",Susan Schwake,9781631595929,TP,1,
JUV ART & MUSIC BOOKS,Art Making with MoMA: 20 Activities for Kids Inspired by Artists at The Museum of Modern Art,"Cari Frisch, Elizabeth Margulies",9781633450370,TP,1,
JUV ART & MUSIC BOOKS,Because,Mo Willems,9781368019019,Hc,1,
JUV ART & MUSIC BOOKS,Colorama: From Fuchsia to Midnight Blue,Cruschiform,9783791373287,Hc,2,
JUV ART & MUSIC BOOKS,Dan Zanes' House Party!: A Family Roots Music Treasury,Dan Zanes,9780760362013,,1,
JUV ART & MUSIC BOOKS,History of Pictures for Children: From Cave Paintings to Computer Drawings,"David Hockney, Martin Gayford",9781419732119,Hc,1,
JUV ART & MUSIC BOOKS,"Leonardo's Art Workshop: Invent, Create, and Make STEAM Projects like a Genius",Amy Leidtke,9781631595226,TP,1,
JUV ART & MUSIC BOOKS,Little Leonardo's Fascinating World of the Arts,"Bob Cooper, Greg Paprocki",9781423648734,Hc,1,
JUV ART & MUSIC BOOKS,Roots of Rap: 16 Bars on the 4 Pillars of Hip-Hop,Carole Boston Weatherford,9781499804119,Hc,1,
JUV ART & MUSIC BOOKS,Steel Drums,Patricia Lakin,9781481478984,Hc,1,
JUV ART & MUSIC BOOKS,Sylvia's Bookshop: The Story of Paris's Beloved Bookstore and Its Founder (As Told by the Bookstore Itself!),Robert Burleigh,9781481472456,Hc,1,
JUV ART & MUSIC BOOKS,Wild Buildings and Bridges: Architecture Inspired by Nature,Etta Kaner,9781771387811,Hc,1,